Code,Date Added,Redeemed
39RTJ-3JZTJ-C6T35-JBTT3-5TFCC,2025-10-01,No
39RTT-3ZR3T-5FJBK-3J3J3-C5CRT,2025-10-01,No
3H63J-Z3S3J-KR3BK-BTJ33-ZWKTK,2025-10-01,No
3HXTT-JBJCT-CR33W-JJTJJ-BCR5W,2025-10-01,No
3S6TT-RSHJ3-WFJ3K-BBJB3-W5ZKS,2025-10-01,No
3SR3J-CS63T-CFB3K-J3JTT-RZ5JR,2025-10-01,No
3SRBB-X9RBJ-CRTBW-3BBB3-KJFW6,2025-10-01,No
3ZXJB-53STT-56T3W-B3TT3-HTS95,2025-10-01,No
B9XT3-HX6TT-W6BBW-TTJT3-JTFKX,2025-10-01,No
BH6TJ-Z993B-5RJBK-JT3B3-RXT3Z,2025-10-01,No
BHFJ3-WXHBB-W63JK-B33B3-5HX95,2025-10-01,No
BHRBJ-ZWHT3-W6JBK-BT3BB-CW3ZK,2025-10-01,No
BSFTB-TZ9BB-KRJBK-TTJB3-6S3KS,2025-10-01,No
BSRT3-FTZBJ-K6BTW-JB3T3-WXT99,2025-10-01,No
J9RT3-RBJ5T-WRTBK-JB3J3-5TB3R,2025-10-01,No
J9XBB-KK9T3-CRTBW-BBT3T-KTBTW,2025-10-01,No
JH6BB-6RST3-5FB35-JT3BB-R3WCB,2025-10-01,No
JHFTJ-R5HBT-KF3TK-TBJT3-JJTHH,2025-10-01,No
JS63J-JSCWJ-CFTBW-3TJ3J-WJS5R,2025-10-01,No
JSX3J-B6SBJ-CXTBC-B3T3B-BZZZT,2025-10-01,No
JZRTJ-SR9BB-W6T35-BJBTT-36FZR,2025-10-01,No
T9RJB-BFKRR-3RBTW-B33TB-KCZB9,2025-10-01,No
TH6BJ-WJTC3-W6B3C-3TTBT-5HTTH,2025-10-01,No
THRBT-WW6CB-56TB5-3B3BJ-XBW3X,2025-10-01,No
TSR3B-J5S3T-KRBJW-BTTBJ-JRCXX,2025-10-01,No
WHWJB-XH3SX-39CZW-H3BBB-BTF55,2025-10-01,No
TZFT3-K9Z33-5FT3W-BJ33T-WZ5X5,2025-10-01,No
TZXT3-XJXCB-CXBJW-BTTJT-9SK6B,2025-10-01,No
